<?xml version="1.0" encoding="utf-8"?><feed xmlns="http://www.w3.org/2005/Atom" ><generator uri="https://jekyllrb.com/" version="3.10.0">Jekyll</generator><link href="http://localhost:4000/feed.xml" rel="self" type="application/atom+xml" /><link href="http://localhost:4000/" rel="alternate" type="text/html" /><updated>2025-05-23T13:25:26+08:00</updated><id>http://localhost:4000/feed.xml</id><title type="html">Xincheng Wang</title><subtitle>Personal homepage of Xincheng Wang, showcasing research and scholarly work</subtitle><author><name>Xincheng Wang</name><email>seymour0314@163.com</email></author></feed>